{
    "easycom": {
    	"^z-(.*)": "@zebra-ui/swiper/components/z-$1/z-$1.vue"
    },
	"pages": [{
		"path": "pages/login/login",
		"style": {
			"navigationBarBackgroundColor": "#82A39D",
			"navigationBarTextStyle": "white",
			"navigationBarTitleText": "登录"
		}
	}, {
		"path": "pages/register/register",
		"style": {
			"navigationBarBackgroundColor": "#82A39D",
			"navigationBarTextStyle": "white",
			"navigationBarTitleText": "注册"
		}
	}, {
		"path": "pages/forget/forget",
		"style": {
			"navigationBarBackgroundColor": "#82A39D",
			"navigationBarTextStyle": "white",
			"navigationBarTitleText": "忘记密码"
		}
	}, {
		"path": "pages/center/center",
		"style": {
			"navigationBarBackgroundColor": "#82A39D",
			"navigationBarTextStyle": "white",
			"navigationBarTitleText": "我的"
		}
	}, {
		"path": "pages/user-info/user-info",
		"style": {
			"navigationBarBackgroundColor": "#82A39D",
			"navigationBarTextStyle": "white",
			"navigationBarTitleText": "用户信息"
		}
	}
	,{
		"path": "pages/yonghu/list",
		"style": {
			"navigationBarBackgroundColor": "#82A39D",
			"navigationBarTextStyle": "white"
		}
	},{
		"path": "pages/yonghu/add-or-update",
		"style": {
			"navigationBarBackgroundColor": "#82A39D",
			"navigationBarTextStyle": "white"
		}
	},{
		"path": "pages/yonghu/detail",
		"style": {
			"navigationBarBackgroundColor": "#82A39D",
			"navigationBarTextStyle": "white"
		}
	}
	,{
		"path": "pages/caipufenlei/list",
		"style": {
			"navigationBarBackgroundColor": "#82A39D",
			"navigationBarTextStyle": "white"
		}
	},{
		"path": "pages/caipufenlei/add-or-update",
		"style": {
			"navigationBarBackgroundColor": "#82A39D",
			"navigationBarTextStyle": "white"
		}
	},{
		"path": "pages/caipufenlei/detail",
		"style": {
			"navigationBarBackgroundColor": "#82A39D",
			"navigationBarTextStyle": "white"
		}
	}
	,{
		"path": "pages/shicaifenlei/list",
		"style": {
			"navigationBarBackgroundColor": "#82A39D",
			"navigationBarTextStyle": "white"
		}
	},{
		"path": "pages/shicaifenlei/add-or-update",
		"style": {
			"navigationBarBackgroundColor": "#82A39D",
			"navigationBarTextStyle": "white"
		}
	},{
		"path": "pages/shicaifenlei/detail",
		"style": {
			"navigationBarBackgroundColor": "#82A39D",
			"navigationBarTextStyle": "white"
		}
	}
	,{
		"path": "pages/caipuxinxi/list",
		"style": {
			"navigationBarBackgroundColor": "#82A39D",
			"navigationBarTextStyle": "white"
		}
	},{
		"path": "pages/caipuxinxi/add-or-update",
		"style": {
			"navigationBarBackgroundColor": "#82A39D",
			"navigationBarTextStyle": "white"
		}
	},{
		"path": "pages/caipuxinxi/detail",
		"style": {
			"navigationBarBackgroundColor": "#82A39D",
			"navigationBarTextStyle": "white"
		}
	}
	,{
		"path": "pages/shicaizhanshi/list",
		"style": {
			"navigationBarBackgroundColor": "#82A39D",
			"navigationBarTextStyle": "white"
		}
	},{
		"path": "pages/shicaizhanshi/add-or-update",
		"style": {
			"navigationBarBackgroundColor": "#82A39D",
			"navigationBarTextStyle": "white"
		}
	},{
		"path": "pages/shicaizhanshi/detail",
		"style": {
			"navigationBarBackgroundColor": "#82A39D",
			"navigationBarTextStyle": "white"
		}
	}
	,{
		"path": "pages/storeup/list",
		"style": {
			"navigationBarBackgroundColor": "#82A39D",
			"navigationBarTextStyle": "white"
		}
	},{
		"path": "pages/storeup/add-or-update",
		"style": {
			"navigationBarBackgroundColor": "#82A39D",
			"navigationBarTextStyle": "white"
		}
	},{
		"path": "pages/storeup/detail",
		"style": {
			"navigationBarBackgroundColor": "#82A39D",
			"navigationBarTextStyle": "white"
		}
	}
	, {
		"path": "pages/index/index",
		"style": {
			"navigationBarBackgroundColor": "#82A39D",
			"navigationBarTextStyle": "white",
			"navigationBarTitleText": "首页"
		}
	}
	],
	"globalStyle": {
		"navigationBarTextStyle": "black",
		"navigationBarTitleText": "在线厨艺平台的设计与实现微信小程序",
		"navigationBarBackgroundColor": "#F8F8F8",
		"backgroundColor": "#F8F8F8"
	},
	"tabBar": {
		"color": "#000000",
		"selectedColor": "#82A39D",
		"borderStyle": "white",
		"backgroundColor": "#FFFFFF",
		"list": [{
				"pagePath": "pages/index/index",
				"iconPath": "static/tabs/index.png",
				"selectedIconPath": "static/tabs/index1.png",
				"text": "首页"
			}
			

			,{
				"pagePath": "pages/caipuxinxi/list",
				"iconPath": "/static/tabs/icon1.png",
				"selectedIconPath": "/static/tabs/icon1_act.png",
				"text": "菜谱信息"
			}
			,{
				"pagePath": "pages/shicaizhanshi/list",
				"iconPath": "/static/tabs/icon2.png",
				"selectedIconPath": "/static/tabs/icon2_act.png",
				"text": "食材展示"
			}






			,{
				"pagePath": "pages/center/center",
				"iconPath": "static/tabs/mine.png",
				"selectedIconPath": "static/tabs/mine1.png",
				"text": "我的"
			}
		]
	}
}
